Приложение Д.1,Идентификация и аутентификация пользователей в системном ПО,,@
Приложение Д.1.1,Настройка парольной политики,,@
Приложение Д.1.1.1 (КИС АУДИТ Д.3.1.1),Парольная политика,{file}/etc/pam.d/common-password,pam_cracklib.so
Приложение Д.1.1.1 (КИС АУДИТ Д.3.1.1),Парольная политика,{file}/etc/pam.d/common-password,retry::3
Приложение Д.1.1.1 (КИС АУДИТ Д.3.1.1),Парольная политика,{file}/etc/pam.d/common-password,minlen::10
Приложение Д.1.1.1 (КИС АУДИТ Д.3.1.1),Парольная политика,{file}/etc/pam.d/common-password,difok::5
Приложение Д.1.1.1 (КИС АУДИТ Д.3.1.1),Парольная политика,{file}/etc/pam.d/common-password,maxsequence::3
Приложение Д.1.1.1 (КИС АУДИТ Д.3.1.1),Парольная политика,{file}/etc/pam.d/common-password,maxrepeat::2
Приложение Д.1.1.1 (КИС АУДИТ Д.3.1.1),Парольная политика,{file}/etc/pam.d/common-password,minclass::3
Приложение Д.1.1.1 (КИС АУДИТ Д.3.1.1),Парольная политика,{file}/etc/pam.d/common-password,gecoscheck::1
Приложение Д.1.1.1 (КИС АУДИТ Д.3.1.1),Парольная политика,{file}/etc/pam.d/common-password,reject_username
Приложение Д.1.1.1 (КИС АУДИТ Д.3.1.1),Парольная политика,{file}/etc/pam.d/common-password,enforce_for_root
Приложение Д.1.1.2 (КИС АУДИТ Д.3.1.2),Парольная политика,{file}/etc/pam.d/common-auth,# auth [success=1 default=ignore]	pam_succeed_if.so quiet user ingroup astra-admin
Приложение Д.1.1.2 (КИС АУДИТ Д.3.1.2),Парольная политика,{file}/etc/pam.d/common-auth,auth	    [success=ignore default=bad]	    pam_tally.so per_user deny=10 lock_time=4 unlock_time=1800
Приложение Д.1.1.2 (КИС АУДИТ Д.3.1.2),Парольная политика,{file}/etc/pam.d/common-account,account required        pam_tally.so per_user deny=10 lock_time=4 unlock_time=1800
Приложение Д.1.1.3 (КИС АУДИТ Д.3.1.2),Парольная политика,{file}/etc/X11/fly-dm/fly-dmrc,UserList::true
Приложение Д.1.1.4 (КИС АУДИТ Д.3.1.2),Парольная политика,{file}/etc/sudoers,Defaults timestamp_timeout=30
Приложение Д.1.2,Управление пользователями,,@
Приложение Д.1.2.2,Создание группы пользователей с разрешенным доступом к USB дискам,{cmd}getent group permit_usb_drive,{hand_check}
Приложение Д.1.2.3 (КИС АУДИТ Д.3.1.3),Контроль отсутствия учетных записей имеющих пустой пароль и позволяющих авторизоваться без пароля,{cmd}cat /etc/shadow | cut -d: -f2 | grep -vE '(\*\!\!|\$|)' | wc -l,0
Приложение Д.1.2.3 (КИС АУДИТ Д.3.1.3),Контроль отсутствия учетных записей имеющих пустой пароль и позволяющих авторизоваться без пароля,{cmd}cat /etc/shadow- | cut -d: -f2 | grep -vE '(\*\!\!|\$|)' | wc -l,0
Приложение Д.1.2.6,Обеспечить ограничение доступа к команде su ,{file}/etc/pam.d/su,auth required pam_wheel.so use_uid
Приложение Д.1.2.8,Настроить ограничение запуска консоли у непривилегированных пользователей,,{hand_check}
Приложение Д.1.4,Настройка параметров безопасности операционной системы,,@
Приложение Д.1.4.2 (КИС АУДИТ Д.3.2.1),Настройка параметров безопасности ОС,{cmd}astra-sudo-control is-enabled,включено
Приложение Д.1.4.3 (КИС АУДИТ Д.3.2.1),Настройка параметров безопасности ОС,{cmd}astra-bash-lock is-enabled,включено
Приложение Д.1.4.4 (КИС АУДИТ Д.3.2.1),Настройка параметров безопасности ОС,{cmd}astra-interpreters-lock is-enabled,включено
Приложение Д.1.4.5 (КИС АУДИТ Д.3.2.1),Настройка параметров безопасности ОС,{cmd}astra-console-lock is-enabled,включено
Приложение Д.1.4.6 (КИС АУДИТ Д.3.2.1),Настройка параметров безопасности ОС,{cmd}astra-macros-lock is-enabled,включено
Приложение Д.1.4.7 (КИС АУДИТ Д.3.2.1),Настройка параметров безопасности ОС,{cmd}astra-noautonet-control is-enabled,включено
Приложение Д.1.4.8 (КИС АУДИТ Д.3.2.1),Настройка параметров безопасности ОС,,{hand_check}
Приложение Д.1.4.9 (КИС АУДИТ Д.3.2.1),Настройка параметров безопасности ОС,{cmd}astra-nochmodx-lock is-enabled,включено
Приложение Д.1.4.10 КИС АУДИТ Д.3.2.1),Настройка параметров безопасности ОС,{cmd}astra-ptrace-lock is-enabled,включено
Приложение Д.1.4.11 (КИС АУДИТ Д.3.2.1),Настройка параметров безопасности ОС,{cmd}astra-shutdown-lock is-enabled,включено
Приложение Д.1.4.12 (КИС АУДИТ Д.3.2.1),Отключение неиспользуемых сервисов,{file2}/etc/systemd/system/sockets.target.wants/avahi-daemon.socket,Отключено
Приложение Д.1.4.12 (КИС АУДИТ Д.3.2.1),Отключение неиспользуемых сервисов,{file2}/etc/systemd/system/multi-user.target.wants/avahi-daemon.service,Отключено
Приложение Д.1.4.12 (КИС АУДИТ Д.3.2.1),Отключение неиспользуемых сервисов,{file2}/etc/systemd/system/dbus-org.freedesktop.Avahi.service,Отключено
Приложение Д.1.4.12 (КИС АУДИТ Д.3.2.1),Отключение неиспользуемых сервисов,systemctl --now disable vsftp{cmd2}sudo systemctl status vsftp,"Active{param_pattern}{{\w+:\s{1,}(\w+)}}::inactive<>service could not be found"
Приложение Д.1.4.12 (КИС АУДИТ Д.3.2.1),Отключение неиспользуемых сервисов,systemctl --now disable bluetooth{cmd2}sudo systemctl status bluetooth,"Active{param_pattern}{{\w+:\s{1,}(\w+)}}::inactive<>service could not be found"
Приложение Д.1.4.12 (КИС АУДИТ Д.3.2.1),Отключение неиспользуемых сервисов,systemctl --now disable iscsi{cmd2}sudo systemctl status iscsi,"Active{param_pattern}{{\w+:\s{1,}(\w+)}}::inactive<>service could not be found"
Приложение Д.1.4.12 (КИС АУДИТ Д.3.2.1),Отключение неиспользуемых сервисов,systemctl --now disable iscsid{cmd2}sudo systemctl status iscsid,"Active{param_pattern}{{\w+:\s{1,}(\w+)}}::inactive<>service could not be found"
Приложение Д.1.4.13 (КИС АУДИТ Д.3.2.1),Синхронизация с сервером точного времени,{file}/etc/ntp.conf,{get_list}server{param_pattern}{{\w+\s+(\w+\..+\..+)}}::список адресов (NTP){hand_check}
Приложение Д.1.5,Установка корректных разрешений для системных файлов ,,@
Приложение Д.1.5.1,Установка корректных разрешений для системных файлов ,"{cmd}[ ""$(stat -c '%a' /etc/passwd)"" = ""644"" ] && echo ""/etc/passwd: 644"" || echo ""/etc/passwd: некорректные права""",/etc/passwd: 644,
Приложение Д.1.5.1,Установка корректных разрешений для системных файлов ,"{cmd}[ ""$(stat -c '%a' /etc/group)"" = ""644"" ] && echo ""/etc/group: 644"" || echo ""/etc/group: некорректные права""",/etc/group: 644,
Приложение Д.1.5.1,Установка корректных разрешений для системных файлов ,"{cmd}[ ""$(stat -c '%a' /etc/shadow)"" = ""640"" ] && echo ""/etc/shadow: 640"" || echo ""/etc/shadow: некорректные права""",/etc/shadow: 640,
Приложение Д.1.5.2,Установка корректных разрешений для системных файлов ,"{cmd}[ ""$(stat -c '%a' /etc/crontab)"" = ""644"" ] && echo ""/etc/crontab: 644"" || echo ""/etc/crontab: некорректные права""",/etc/crontab: 644,
Приложение Д.1.5.2,Установка корректных разрешений для системных файлов ,"{cmd}[ ""$(stat -c '%a' /etc/cron.d)"" = ""755"" ] && echo ""/etc/cron.d: 755"" || echo ""/etc/cron.d: некорректные права""",/etc/cron.d: 755,
Приложение Д.1.5.2,Установка корректных разрешений для системных файлов ,"{cmd}[ ""$(stat -c '%a' /etc/cron.hourly)"" = ""755"" ] && echo ""/etc/cron.hourly: 755"" || echo ""/etc/cron.hourly: некорректные права""",/etc/cron.hourly: 755,
Приложение Д.1.5.2,Установка корректных разрешений для системных файлов ,"{cmd}[ ""$(stat -c '%a' /etc/cron.daily)"" = ""755"" ] && echo ""/etc/cron.daily: 755"" || echo ""/etc/cron.daily: некорректные права""",/etc/cron.daily: 755,
Приложение Д.1.5.2,Установка корректных разрешений для системных файлов ,"{cmd}[ ""$(stat -c '%a' /etc/cron.weekly)"" = ""755"" ] && echo ""/etc/cron.weekly: 755"" || echo ""/etc/cron.weekly: некорректные права""",/etc/cron.weekly: 755,
Приложение Д.1.5.2,Установка корректных разрешений для системных файлов ,"{cmd}[ ""$(stat -c '%a' /etc/cron.monthly)"" = ""755"" ] && echo ""/etc/cron.monthly: 755"" || echo ""/etc/cron.monthly: некорректные права""",/etc/cron.monthly: 755,
Приложение Д.1.5.3,Установка корректных разрешений для системных файлов,,{hand_check}
Приложение Д.1.6,Настройка механизмов защиты ядра в соответствии с рекомендациями ФСТЭК России ,,@
Приложение Д.1.6.1,Настройка механизмов защиты ядра ФСТЭК (КИС АУДИТ Д.3.2.1),{file}/etc/sysctl.d/98-fstec.conf,kernel.dmesg_restrict::1
Приложение Д.1.6.2,Настройка механизмов защиты ядра ФСТЭК (КИС АУДИТ Д.3.2.1),{file}/etc/sysctl.d/98-fstec.conf,kernel.kptr_restrict::2
Приложение Д.1.6.3,Настройка механизмов защиты ядра ФСТЭК (КИС АУДИТ Д.3.2.1),{file2}/etc/default/grub ,"GRUB_CMDLINE_LINUX=$GRUB_CMDLINE_LINUX init_on_alloc=1"""""
Приложение Д.1.6.4,Настройка механизмов защиты ядра ФСТЭК (КИС АУДИТ Д.3.2.1),{file2}/etc/default/grub ,"GRUB_CMDLINE_LINUX=$GRUB_CMDLINE_LINUX slab_nomerge"""""
Приложение Д.1.6.5,Настройка механизмов защиты ядра ФСТЭК (КИС АУДИТ Д.3.2.1),{file2}/etc/default/grub ,"GRUB_CMDLINE_LINUX=$GRUB_CMDLINE_LINUX iommu=force iommu.strict=1 iommu.passthrough=0"""""
Приложение Д.1.6.6,Настройка механизмов защиты ядра ФСТЭК (КИС АУДИТ Д.3.2.1),{file2}/etc/default/grub ,"GRUB_CMDLINE_LINUX=$GRUB_CMDLINE_LINUX randomize_kstack_offset=1"""""
Приложение Д.1.6.7,Настройка механизмов защиты ядра ФСТЭК (КИС АУДИТ Д.3.2.1),{file2}/etc/default/grub ,GRUB_CMDLINE_LINUX=$GRUB_CMDLINE_LINUX mitigations=auto,"nosmt"""""
Приложение Д.1.6.8,Настройка механизмов защиты ядра ФСТЭК (КИС АУДИТ Д.3.2.1),{file}/etc/sysctl.d/98-fstec.conf,net.core.bpf_jit_harden::2
Приложение Д.1.6.9,Настройка механизмов защиты ядра ФСТЭК (КИС АУДИТ Д.3.2.1),{file2}/etc/default/grub ,"GRUB_CMDLINE_LINUX=$GRUB_CMDLINE_LINUX vsyscall=none"""""
Приложение Д.1.6.10,Настройка механизмов защиты ядра ФСТЭК (КИС АУДИТ Д.3.2.1),{file}/etc/sysctl.d/98-fstec.conf,kernel.perf_event_paranoid::3
Приложение Д.1.6.11,Настройка механизмов защиты ядра ФСТЭК (КИС АУДИТ Д.3.2.1),{file2}/etc/default/grub ,"GRUB_CMDLINE_LINUX=$GRUB_CMDLINE_LINUX debugfs=no-mount"""""
Приложение Д.1.6.12,Настройка механизмов защиты ядра ФСТЭК (КИС АУДИТ Д.3.2.1),{file}/etc/sysctl.d/98-fstec.conf,kernel.kexec_load_disabled::1
Приложение Д.1.6.13,Настройка механизмов защиты ядра ФСТЭК (КИС АУДИТ Д.3.2.1),{file}/etc/sysctl.d/98-fstec.conf,kernel.unprivileged_bpf_disabled::1
Приложение Д.1.6.14,Настройка механизмов защиты ядра ФСТЭК (КИС АУДИТ Д.3.2.1),{file}/etc/sysctl.d/98-fstec.conf,vm.unprivileged_userfaultfd::0
Приложение Д.1.6.15,Настройка механизмов защиты ядра ФСТЭК (КИС АУДИТ Д.3.2.1),{file}/etc/sysctl.d/98-fstec.conf,dev.tty.ldisc_autoload::0
Приложение Д.1.6.16,Настройка механизмов защиты ядра ФСТЭК (КИС АУДИТ Д.3.2.1),{file2}/etc/default/grub ,"GRUB_CMDLINE_LINUX=$GRUB_CMDLINE_LINUX debugfs=tsx=off"""""
Приложение Д.1.6.17,Настройка механизмов защиты ядра ФСТЭК (КИС АУДИТ Д.3.2.1),{file}/etc/sysctl.d/98-fstec.conf,vm.mmap_min_addr::4096
Приложение Д.1.6.18,Настройка механизмов защиты ядра ФСТЭК (КИС АУДИТ Д.3.2.1),{file}/etc/sysctl.d/98-fstec.conf,kernel.randomize_va_space::2
Приложение Д.1.7,Настройка средств защиты пользовательского пространства со стороны ядра AstraLinux,,@
Приложение Д.1.7.1,Настройка механизмов защиты ядра AstraLinux,{file}/etc/sysctl.d/98-fstec.conf,kernel.yama.ptrace_scope::3
Приложение Д.1.7.2,Настройка механизмов защиты ядра AstraLinux,{file}/etc/sysctl.d/98-fstec.conf,fs.protected_symlinks::1
Приложение Д.1.7.3,Настройка механизмов защиты ядра AstraLinux,{file}/etc/sysctl.d/98-fstec.conf,fs.protected_hardlinks::1
Приложение Д.1.7.4,Настройка механизмов защиты ядра AstraLinux,{file}/etc/sysctl.d/98-fstec.conf,fs.protected_fifos::2
Приложение Д.1.7.5,Настройка механизмов защиты ядра AstraLinux,{file}/etc/sysctl.d/98-fstec.conf,fs.protected_regular::2
Приложение Д.1.7.6,Настройка механизмов защиты ядра AstraLinux,{file}/etc/sysctl.d/98-fstec.conf,fs.suid_dumpable::0
Приложение Д.2,Настройка регистрации событий информационной безопасности (настройка сервиса auditd),,@
Приложение Д.2.1 (КИС АУДИТ Д.3.3.5),Настройки журналов аудита,{file}/etc/audit/auditd.conf,local_events::yes
Приложение Д.2.1 (КИС АУДИТ Д.3.3.5),Настройки журналов аудита,{file}/etc/audit/auditd.conf,write_logs::yes
Приложение Д.2.1 (КИС АУДИТ Д.3.3.5),Настройки журналов аудита,{file}/etc/audit/auditd.conf,log_file::/var/log/audit/audit.log
Приложение Д.2.1 (КИС АУДИТ Д.3.3.5),Настройки журналов аудита,{file}/etc/audit/auditd.conf,log_group::adm
Приложение Д.2.1 (КИС АУДИТ Д.3.3.5),Настройки журналов аудита,{file}/etc/audit/auditd.conf,log_format::ENRICHED
Приложение Д.2.1 (КИС АУДИТ Д.3.3.5),Настройки журналов аудита,{file}/etc/audit/auditd.conf,priority_boost::3
Приложение Д.2.1 (КИС АУДИТ Д.3.3.5),Настройки журналов аудита,{file}/etc/audit/auditd.conf,flush::INCREMENTAL_ASYNC
Приложение Д.2.1 (КИС АУДИТ Д.3.3.5),Настройки журналов аудита,{file}/etc/audit/auditd.conf,freq::50
Приложение Д.2.1 (КИС АУДИТ Д.3.3.5),Настройки журналов аудита,{file}/etc/audit/auditd.conf,disp_qos::lossless
Приложение Д.2.1 (КИС АУДИТ Д.3.3.5),Настройки журналов аудита,{file}/etc/audit/auditd.conf,name_format::HOSTNAME
Приложение Д.2.1 (КИС АУДИТ Д.3.3.5),Настройки журналов аудита,{file}/etc/audit/auditd.conf,max_log_file::256
Приложение Д.2.1 (КИС АУДИТ Д.3.3.5),Настройки журналов аудита,{file}/etc/audit/auditd.conf,max_log_file_action::IGNORE
Приложение Д.2.1 (КИС АУДИТ Д.3.3.5),Настройки журналов аудита,{file}/etc/audit/auditd.conf,num_logs::0
Приложение Д.2.1 (КИС АУДИТ Д.3.3.5),Настройки журналов аудита,{file}/etc/audit/auditd.conf,space_left::256
Приложение Д.2.1 (КИС АУДИТ Д.3.3.5),Настройки журналов аудита,{file}/etc/audit/auditd.conf,space_left_action::SYSLOG
Приложение Д.2.1 (КИС АУДИТ Д.3.3.5),Настройки журналов аудита,{file}/etc/audit/auditd.conf,admin_space_left::128
Приложение Д.2.1 (КИС АУДИТ Д.3.3.5),Настройки журналов аудита,{file}/etc/audit/auditd.conf,admin_space_left_action::SYSLOG
Приложение Д.2.1 (КИС АУДИТ Д.3.3.5),Настройки журналов аудита,{file}/etc/audit/auditd.conf,disk_full_action::SUSPEND
Приложение Д.2.1 (КИС АУДИТ Д.3.3.5),Настройки журналов аудита,{file}/etc/audit/auditd.conf,disk_error_action::SUSPEND
Приложение Д.2.1 (КИС АУДИТ Д.3.3.5),Настройки журналов аудита,{file}/etc/audit/auditd.conf,overflow_action::SYSLOG
Приложение Д.2.2 (КИС АУДИТ Д.3.3.3),Настройки журналов аудита,{file}/etc/audit/rules.d/audit.rules,-D
Приложение Д.2.2 (КИС АУДИТ Д.3.3.3),Настройки журналов аудита,{file}/etc/audit/rules.d/audit.rules,-b 8192
Приложение Д.2.2 (КИС АУДИТ Д.3.3.3),Настройки журналов аудита,{file}/etc/audit/rules.d/audit.rules,"-a exclude,always -F msgtype=EOE"
Приложение Д.2.2 (КИС АУДИТ Д.3.3.3),Настройки журналов аудита,{file}/etc/audit/rules.d/audit.rules,-w /etc/group -p wa -F auid!=4294967295 -k sysobj_access
Приложение Д.2.2 (КИС АУДИТ Д.3.3.3),Настройки журналов аудита,{file}/etc/audit/rules.d/audit.rules,-w /etc/passwd -p wa -F auid!=4294967295 -k sysobj_access
Приложение Д.2.2 (КИС АУДИТ Д.3.3.3),Настройки журналов аудита,{file}/etc/audit/rules.d/audit.rules,-w /etc/shadow -p wa -F auid!=4294967295 -k sysobj_access
Приложение Д.2.2 (КИС АУДИТ Д.3.3.3),Настройки журналов аудита,{file}/etc/audit/rules.d/audit.rules,-w /etc/login.defs -p wa -F auid!=4294967295 -k sysobj_access
Приложение Д.2.2 (КИС АУДИТ Д.3.3.3),Настройки журналов аудита,{file}/etc/audit/rules.d/audit.rules,-w /etc/securetty -p wa -F auid!=4294967295 -k sysobj_access
Приложение Д.2.2 (КИС АУДИТ Д.3.3.3),Настройки журналов аудита,{file}/etc/audit/rules.d/audit.rules,-w /boot/ -p wa -k system_obj_modification
Приложение Д.2.2 (КИС АУДИТ Д.3.3.3),Настройки журналов аудита,{file}/etc/audit/rules.d/audit.rules,-w /bin/ -p wa -k system_obj_modification
Приложение Д.2.2 (КИС АУДИТ Д.3.3.3),Настройки журналов аудита,{file}/etc/audit/rules.d/audit.rules,-w /sbin/ -p wa -k system_obj_modification
Приложение Д.2.2 (КИС АУДИТ Д.3.3.3),Настройки журналов аудита,{file}/etc/audit/rules.d/audit.rules,-w /usr/bin/ -p wa -k system_obj_modification
Приложение Д.2.2 (КИС АУДИТ Д.3.3.3),Настройки журналов аудита,{file}/etc/audit/rules.d/audit.rules,-w /usr/sbin/ -p wa -k system_obj_modification
Приложение Д.2.2 (КИС АУДИТ Д.3.3.3),Настройки журналов аудита,{file}/etc/audit/rules.d/audit.rules,-w /etc/cron.allow -p wa -k cron
Приложение Д.2.2 (КИС АУДИТ Д.3.3.3),Настройки журналов аудита,{file}/etc/audit/rules.d/audit.rules,-w /etc/cron.deny -p wa -k cron
Приложение Д.2.2 (КИС АУДИТ Д.3.3.3),Настройки журналов аудита,{file}/etc/audit/rules.d/audit.rules,-w /etc/cron.d -p wa -k cron
Приложение Д.2.2 (КИС АУДИТ Д.3.3.3),Настройки журналов аудита,{file}/etc/audit/rules.d/audit.rules,-w /etc/cron.daily -p wa -k cron
Приложение Д.2.2 (КИС АУДИТ Д.3.3.3),Настройки журналов аудита,{file}/etc/audit/rules.d/audit.rules,-w /etc/cron.hourly -p wa -k cron
Приложение Д.2.2 (КИС АУДИТ Д.3.3.3),Настройки журналов аудита,{file}/etc/audit/rules.d/audit.rules,-w /etc/cron.monthly -p wa -k cron
Приложение Д.2.2 (КИС АУДИТ Д.3.3.3),Настройки журналов аудита,{file}/etc/audit/rules.d/audit.rules,-w /etc/cron.weekly -p wa -k cron
Приложение Д.2.2 (КИС АУДИТ Д.3.3.3),Настройки журналов аудита,{file}/etc/audit/rules.d/audit.rules,-w /etc/crontab -p wa -k cron
Приложение Д.2.2 (КИС АУДИТ Д.3.3.3),Настройки журналов аудита,{file}/etc/audit/rules.d/audit.rules,-w /var/spool/cron/crontabs -k cron
Приложение Д.2.2 (КИС АУДИТ Д.3.3.3),Настройки журналов аудита,{file}/etc/audit/rules.d/audit.rules,-w /etc/sysctl.conf -p wa -F auid!=4294967295 -k sysobj_access
Приложение Д.2.2 (КИС АУДИТ Д.3.3.3),Настройки журналов аудита,{file}/etc/audit/rules.d/audit.rules,-w /etc/ssh/sshd_config -p wa -F auid!=4294967295 -k sysobj_access
Приложение Д.2.2 (КИС АУДИТ Д.3.3.3),Настройки журналов аудита,{file}/etc/audit/rules.d/audit.rules,-w /etc/localtime -p wa -F auid!=4294967295 -k time_change
Приложение Д.2.2 (КИС АУДИТ Д.3.3.3),Настройки журналов аудита,{file}/etc/audit/rules.d/audit.rules,"-a exit,always -F arch=b32 -F uid!=ntp -F auid!=4294967295 -S adjtimex -S settimeofday -S stime -S clock_settime -F uid!=ntp -F auid!=4294967295 -k time-change"
Приложение Д.2.2 (КИС АУДИТ Д.3.3.3),Настройки журналов аудита,{file}/etc/audit/rules.d/audit.rules,"-a exit,always -F arch=b64 -F uid!=ntp -F auid!=4294967295 -S adjtimex -S settimeofday -S clock_settime -F uid!=ntp -F auid!=4294967295 -k time-change"
Приложение Д.2.2 (КИС АУДИТ Д.3.3.3),Настройки журналов аудита,{file}/etc/audit/rules.d/audit.rules,"-a exit,always -F arch=b32 -F auid!=4294967295  -S mknod -S mount -S umount -S umount2 -S ptrace -F auid!=4294967295 -k mount"
Приложение Д.2.2 (КИС АУДИТ Д.3.3.3),Настройки журналов аудита,{file}/etc/audit/rules.d/audit.rules,"-a exit,always -F arch=b64 -F auid!=4294967295  -S mknod -S mount -S umount2 -S ptrace -F auid!=4294967295 -k mount"
Приложение Д.2.2 (КИС АУДИТ Д.3.3.3),Настройки журналов аудита,{file}/etc/audit/rules.d/audit.rules,-w /etc/gshadow -p wa -k sysobj_access
Приложение Д.2.2 (КИС АУДИТ Д.3.3.3),Настройки журналов аудита,{file}/etc/audit/rules.d/audit.rules,-w /bin/su -p x -k priv_esc
Приложение Д.2.2 (КИС АУДИТ Д.3.3.3),Настройки журналов аудита,{file}/etc/audit/rules.d/audit.rules,-w /usr/bin/sudo -p x -k priv_esc
Приложение Д.2.2 (КИС АУДИТ Д.3.3.3),Настройки журналов аудита,{file}/etc/audit/rules.d/audit.rules,-w /etc/sudoers -p wa -k priv_esc
Приложение Д.2.2 (КИС АУДИТ Д.3.3.3),Настройки журналов аудита,{file}/etc/audit/rules.d/audit.rules,-w /etc/sudoers.d/ -p wa -k priv_esc
Приложение Д.2.2 (КИС АУДИТ Д.3.3.3),Настройки журналов аудита,{file}/etc/audit/rules.d/audit.rules,-w /sbin/shutdown -p x -k power
Приложение Д.2.2 (КИС АУДИТ Д.3.3.3),Настройки журналов аудита,{file}/etc/audit/rules.d/audit.rules,-w /sbin/poweroff -p x -k power
Приложение Д.2.2 (КИС АУДИТ Д.3.3.3),Настройки журналов аудита,{file}/etc/audit/rules.d/audit.rules,-w /sbin/reboot -p x -k power
Приложение Д.2.2 (КИС АУДИТ Д.3.3.3),Настройки журналов аудита,{file}/etc/audit/rules.d/audit.rules,-w /sbin/halt -p x -k power
Приложение Д.2.2 (КИС АУДИТ Д.3.3.3),Настройки журналов аудита,{file}/etc/audit/rules.d/audit.rules,-w /etc/audit/auditd.conf -p wa -F auid!=4294967295 -k audit_change
Приложение Д.2.2 (КИС АУДИТ Д.3.3.3),Настройки журналов аудита,{file}/etc/audit/rules.d/audit.rules,-w /etc/audit/audit.rules -p wa -F auid!=4294967295 -k audit_change
Приложение Д.2.2 (КИС АУДИТ Д.3.3.3),Настройки журналов аудита,{file}/etc/audit/rules.d/audit.rules,-w /etc/libaudit.conf -p wa -F auid!=4294967295 -k audit_change
Приложение Д.2.2 (КИС АУДИТ Д.3.3.3),Настройки журналов аудита,{file}/etc/audit/rules.d/audit.rules,-w /etc/audit/plugins.d/syslog.conf -p wa -F auid!=4294967295 -k audit_change
Приложение Д.2.2 (КИС АУДИТ Д.3.3.3),Настройки журналов аудита,{file}/etc/audit/rules.d/audit.rules,-w /etc/audit/audit.conf -p wa -F auid!=4294967295 -k audit_change
Приложение Д.2.2 (КИС АУДИТ Д.3.3.3),Настройки журналов аудита,{file}/etc/audit/rules.d/audit.rules,-w /etc/rsyslog.conf -p wa -F auid!=4294967295 -k audit_change
Приложение Д.2.2 (КИС АУДИТ Д.3.3.3),Настройки журналов аудита,{file}/etc/audit/rules.d/audit.rules,-w /etc/init.d/auditd -p wa -F auid!=4294967295 -k audit_change
Приложение Д.2.2 (КИС АУДИТ Д.3.3.3),Настройки журналов аудита,{file}/etc/audit/rules.d/audit.rules,-w /etc/pam.d/common-password -p wa -k actions
Приложение Д.2.2 (КИС АУДИТ Д.3.3.3),Настройки журналов аудита,{file}/etc/audit/rules.d/audit.rules,-w /etc/pam.d/common-auth -p wa -k actions
Приложение Д.2.2 (КИС АУДИТ Д.3.3.3),Настройки журналов аудита,{file}/etc/audit/rules.d/audit.rules,-w /etc/pam.d/common-account -p wa -k actions
Приложение Д.2.2 (КИС АУДИТ Д.3.3.3),Настройки журналов аудита,{file}/etc/audit/rules.d/audit.rules,"-a always,exit -F arch=b64 -S sethostname -S setdomainname -k system-locale"
Приложение Д.2.2 (КИС АУДИТ Д.3.3.3),Настройки журналов аудита,{file}/etc/audit/rules.d/audit.rules,"-a always,exit -F arch=b32 -S sethostname -S setdomainname -k system-locale"
Приложение Д.2.2 (КИС АУДИТ Д.3.3.3),Настройки журналов аудита,{file}/etc/audit/rules.d/audit.rules,-w /etc/issue -p wa -k system-locale
Приложение Д.2.2 (КИС АУДИТ Д.3.3.3),Настройки журналов аудита,{file}/etc/audit/rules.d/audit.rules,-w /etc/issue.net -p wa -k system-locale
Приложение Д.2.2 (КИС АУДИТ Д.3.3.3),Настройки журналов аудита,{file}/etc/audit/rules.d/audit.rules,-w /etc/hosts -p wa -k system-locale
Приложение Д.2.2 (КИС АУДИТ Д.3.3.3),Настройки журналов аудита,{file}/etc/audit/rules.d/audit.rules,-w /etc/network/ -p wa -k system-locale
Приложение Д.2.2 (КИС АУДИТ Д.3.3.3),Настройки журналов аудита,{file}/etc/audit/rules.d/audit.rules,-w /var/log/lastlog -p wa -k logins
Приложение Д.2.2 (КИС АУДИТ Д.3.3.3),Настройки журналов аудита,{file}/etc/audit/rules.d/audit.rules,-w /var/run/utmp -p wa -k session
Приложение Д.2.2 (КИС АУДИТ Д.3.3.3),Настройки журналов аудита,{file}/etc/audit/rules.d/audit.rules,-w /var/log/btmp -p wa -k logins
Приложение Д.2.2 (КИС АУДИТ Д.3.3.3),Настройки журналов аудита,{file}/etc/audit/rules.d/audit.rules,"-a always,exit -F arch=b64 -S chmod -S fchmod -S fchmodat -F auid>=1000 -F auid!=4294967295 -k perm_mod"
Приложение Д.2.2 (КИС АУДИТ Д.3.3.3),Настройки журналов аудита,{file}/etc/audit/rules.d/audit.rules,"-a always,exit -F arch=b32 -S chmod -S fchmod -S fchmodat -F auid>=1000 -F auid!=4294967295 -k perm_mod"
Приложение Д.2.2 (КИС АУДИТ Д.3.3.3),Настройки журналов аудита,{file}/etc/audit/rules.d/audit.rules,"-a always,exit -F arch=b64 -S chown -S fchown -S fchownat -S lchown -F auid>=1000 -F auid!=4294967295 -k perm_mod"
Приложение Д.2.2 (КИС АУДИТ Д.3.3.3),Настройки журналов аудита,{file}/etc/audit/rules.d/audit.rules,"-a always,exit -F arch=b32 -S chown -S fchown -S fchownat -S lchown -F auid>=1000 -F auid!=4294967295 -k perm_mod"
Приложение Д.2.2 (КИС АУДИТ Д.3.3.3),Настройки журналов аудита,{file}/etc/audit/rules.d/audit.rules,"-a always,exit -F arch=b64 -S setxattr -S lsetxattr -S fsetxattr -S removexattr -S lremovexattr -S fremovexattr -F auid>=1000 -F auid!=4294967295 -k perm_mod"
Приложение Д.2.2 (КИС АУДИТ Д.3.3.3),Настройки журналов аудита,{file}/etc/audit/rules.d/audit.rules,"-a always,exit -F arch=b32 -S setxattr -S lsetxattr -S fsetxattr -S removexattr -S lremovexattr -S fremovexattr -F auid>=1000 -F auid!=4294967295 -k perm_mod"
Приложение Д.2.2 (КИС АУДИТ Д.3.3.3),Настройки журналов аудита,{file}/etc/audit/rules.d/audit.rules,"-a always,exit -F arch=b64 -S unlink -S unlinkat -S rename -S renameat -F auid>=1000 -F auid!=4294967295 -k delete"
Приложение Д.2.2 (КИС АУДИТ Д.3.3.3),Настройки журналов аудита,{file}/etc/audit/rules.d/audit.rules,"-a always,exit -F arch=b32 -S unlink -S unlinkat -S rename -S renameat -F auid>=1000 -F auid!=4294967295 -k delete"
Приложение Д.2.2 (КИС АУДИТ Д.3.3.3),Настройки журналов аудита,{file}/etc/audit/rules.d/audit.rules,-w /sbin/insmod -p x -k modules
Приложение Д.2.2 (КИС АУДИТ Д.3.3.3),Настройки журналов аудита,{file}/etc/audit/rules.d/audit.rules,-w /sbin/rmmod -p x -k modules
Приложение Д.2.2 (КИС АУДИТ Д.3.3.3),Настройки журналов аудита,{file}/etc/audit/rules.d/audit.rules,-w /sbin/modprobe -p x -k modules
Приложение Д.2.2 (КИС АУДИТ Д.3.3.3),Настройки журналов аудита,{file}/etc/audit/rules.d/audit.rules,"-a always,exit -F arch=b64 -S init_module -S delete_module -k modules"
Приложение Д.2.2 (КИС АУДИТ Д.3.3.3),Настройки журналов аудита,{file}/etc/audit/rules.d/audit.rules,-w /var/log/audit/ -p wra -k auditlog
Приложение Д.2.3 (КИС АУДИТ Д.3.3.3),Настройки журналов аудита,{file}/etc/audit/rules.d/99-finalize.rules,-e 2
Приложение Д.2.4 (КИС АУДИТ Д.3.3.3),Включение аудита для дополнительных сервисов,,{hand_check}
Приложение Д.2.5 (КИС АУДИТ Д.3.3.3),Включить расширенное логирование SUDO,{file}/etc/sudoers,Defaults iolog_dir=/var/log/sudo-io/%{user}
Приложение Д.2.5 (КИС АУДИТ Д.3.3.3),Включить расширенное логирование SUDO,{file}/etc/sudoers,%astra-admin	ALL=(ALL:ALL) LOG_INPUT: LOG_OUTPUT: ALL
Приложение Д.3.2,Настройка сетевых служб,,@
Приложение Д.3.2.1,Настройка сетевых служб,{file}/etc/default/grub,ipv6.disable::1
Приложение Д.3.2.2,Настройка сетевых служб,{file}/etc/default/grub,audit::1
Приложение Д.3.2.3,Настройка сетевых служб,{file}/etc/sysctl.d/999-astra.conf,net.ipv6.conf.all.disable_ipv6::1
Приложение Д.3.2.3,Настройка сетевых служб,{file}/etc/sysctl.d/999-astra.conf,net.ipv6.conf.default.disable_ipv6::1
Приложение Д.3.2.4,Настройка сетевых служб,{file}/etc/hosts,#::1     localhost ip6-localhost ip6-loopback
Приложение Д.3.2.4,Настройка сетевых служб,{file}/etc/hosts,#ff02::1	ip6-allnodes
Приложение Д.3.2.4,Настройка сетевых служб,{file}/etc/hosts,#ff02::2	ip6-allrouters
Приложение Д.3.2.5,Настройка сетевых служб,{file}/etc/sysctl.d/999-astra.conf,net.ipv4.ip_forward::0
Приложение Д.3.2.5,Настройка сетевых служб,{file}/etc/sysctl.d/999-astra.conf,net.ipv4.conf.all.send_redirects::0
Приложение Д.3.2.5,Настройка сетевых служб,{file}/etc/sysctl.d/999-astra.conf,net.ipv4.conf.default.send_redirects::0
Приложение Д.3.2.5,Настройка сетевых служб,{file}/etc/sysctl.d/999-astra.conf,net.ipv4.conf.all.accept_source_route::0
Приложение Д.3.2.5,Настройка сетевых служб,{file}/etc/sysctl.d/999-astra.conf,net.ipv4.conf.default.accept_source_route::0
Приложение Д.3.2.5,Настройка сетевых служб,{file}/etc/sysctl.d/999-astra.conf,net.ipv4.conf.all.accept_redirects::0
Приложение Д.3.2.5,Настройка сетевых служб,{file}/etc/sysctl.d/999-astra.conf,net.ipv4.conf.default.accept_redirects::0
Приложение Д.3.2.5,Настройка сетевых служб,{file}/etc/sysctl.d/999-astra.conf,net.ipv4.conf.all.secure_redirects::0
Приложение Д.3.2.5,Настройка сетевых служб,{file}/etc/sysctl.d/999-astra.conf,net.ipv4.conf.default.secure_redirects::0
Приложение Д.3.2.5,Настройка сетевых служб,{file}/etc/sysctl.d/999-astra.conf,net.ipv4.conf.all.log_martians::1
Приложение Д.3.2.5,Настройка сетевых служб,{file}/etc/sysctl.d/999-astra.conf,net.ipv4.conf.default.log_martians::1
Приложение Д.3.2.5,Настройка сетевых служб,{file}/etc/sysctl.d/999-astra.conf,net.ipv4.icmp_echo_ignore_broadcasts::1
Приложение Д.3.2.5,Настройка сетевых служб,{file}/etc/sysctl.d/999-astra.conf,net.ipv4.icmp_ignore_bogus_error_responses::1
Приложение Д.3.2.5,Настройка сетевых служб,{file}/etc/sysctl.d/999-astra.conf,net.ipv4.conf.all.rp_filter::1
Приложение Д.3.2.5,Настройка сетевых служб,{file}/etc/sysctl.d/999-astra.conf,net.ipv4.conf.default.rp_filter::1
Приложение Д.3.2.5,Настройка сетевых служб,{file}/etc/sysctl.d/999-astra.conf,net.ipv4.tcp_syncookies::1
Приложение Д.3.2.6,Настройка сетевых служб,{file}/etc/ssh/sshd_config,PermitRootLogin no
Приложение Д.3.2.6,Настройка сетевых служб,{file}/etc/ssh/sshd_config,ListenAddress ххх.ххх.ххх.ххх{hand_check}
Приложение Д.3.2.6,Настройка сетевых служб,{file}/etc/ssh/sshd_config,AllowUsers user1 user2{hand_check}
Приложение Д.3.2.6,Настройка сетевых служб,{file}/etc/ssh/sshd_config,Protocol 2
Приложение Д.3.2.6,Настройка сетевых служб,{file}/etc/ssh/sshd_config,X11Forwarding no
Приложение Д.3.2.6,Настройка сетевых служб,{file}/etc/ssh/sshd_config,MaxAuthTries 3
Приложение Д.3.2.6,Настройка сетевых служб,{file}/etc/ssh/sshd_config,MACs hmac-sha2-512-etm@openssh.com,hmac-sha2-256-etm@openssh.com,umac-128-etm@openssh.com,hmac-sha2-512,hmac-sha2-256,umac-128@openssh.com
Приложение Д.3.2.6,Настройка сетевых служб,{file}/etc/ssh/sshd_config,ClientAliveInterval 600
Приложение Д.3.2.6,Настройка сетевых служб,{file}/etc/ssh/sshd_config,ClientAliveCountMax 5
Приложение Д.4,Настройка контроля устройств с использованием встроеного механизма контроля устройств,,@
Приложение Д.4.1.2,Настройка оборудования,{cmd}astra-mount-lock is-enabled,включено
Приложение Д.4.1.3,Регистрация учтённого носителя,,{hand_check}
Приложение Д.5,Режим ограниченного использования приложений (режим киоск),,@
Приложение Д.5.1,Настройка графического киоска,,@
Приложение Д.5.1.1 (КИС АУДИТ Д.3.2.1),Включение режима графический киоск,,{hand_check}
Приложение Д.5.2,Дополнительные настройки режима киоск,,@
Приложение Д.5.2.1 (КИС АУДИТ Д.3.2.1),Запрет горячих клавиш в приложении spectacle,{file}/usr/share/fly-wm/keyshortcutrc.fly-kiosk,;Alt|Insert::FLYWM_DESKTOP_FOCUS
Приложение Д.5.2.1 (КИС АУДИТ Д.3.2.1),Запрет горячих клавиш в приложении spectacle,{file}/usr/share/fly-wm/keyshortcutrc.fly-kiosk,;Alt|Shift|Delete::FLYWM_CHANGE_WIN_BACK_INSCR
Приложение Д.5.2.1 (КИС АУДИТ Д.3.2.1),Запрет горячих клавиш в приложении spectacle,{file}/usr/share/fly-wm/keyshortcutrc.fly-kiosk,;Alt|Delete::FLYWM_CHANGE_WIN_INSCR
Приложение Д.5.2.1 (КИС АУДИТ Д.3.2.1),Запрет горячих клавиш в приложении spectacle,{file}/usr/share/fly-wm/keyshortcutrc.fly-kiosk,Alt|Shift|Escape::FLYWM_CHANGE_WIN_BACK
Приложение Д.5.2.1 (КИС АУДИТ Д.3.2.1),Запрет горячих клавиш в приложении spectacle,{file}/usr/share/fly-wm/keyshortcutrc.fly-kiosk,Alt|Escape::FLYWM_CHANGE_WIN
Приложение Д.5.2.1 (КИС АУДИТ Д.3.2.1),Запрет горячих клавиш в приложении spectacle,{file}/usr/share/fly-wm/keyshortcutrc.fly-kiosk,;Mod4|d::FLYWM_TOGGLE_MINIMIZE_ALL_INSCR
Приложение Д.5.2.1 (КИС АУДИТ Д.3.2.1),Запрет горячих клавиш в приложении spectacle,{file}/usr/share/fly-wm/keyshortcutrc.fly-kiosk,;Mod4|m::FLYWM_TOGGLE_MINIMIZE_ALL_INSCR
Приложение Д.5.2.1 (КИС АУДИТ Д.3.2.1),Запрет горячих клавиш в приложении spectacle,{file}/usr/share/fly-wm/keyshortcutrc.fly-kiosk,;Mod4|F11::FLYWM_TOGGLE_FULLSCREEN
Приложение Д.5.2.1 (КИС АУДИТ Д.3.2.1),Запрет горячих клавиш в приложении spectacle,{file}/usr/share/fly-wm/keyshortcutrc.fly-kiosk,;Mod4|Shift|F11::FLYWM_TOGGLE_FULLSCREEN
Приложение Д.5.2.1 (КИС АУДИТ Д.3.2.1),Запрет горячих клавиш в приложении spectacle,{file}/usr/share/fly-wm/keyshortcutrc.fly-kiosk,;Mod4|Shift|Left::FLYWM_MOVE_XINERAMA_PREV
Приложение Д.5.2.1 (КИС АУДИТ Д.3.2.1),Запрет горячих клавиш в приложении spectacle,{file}/usr/share/fly-wm/keyshortcutrc.fly-kiosk,;Mod4|Shift|Right::FLYWM_MOVE_XINERAMA_NEXT
Приложение Д.5.2.1 (КИС АУДИТ Д.3.2.1),Запрет горячих клавиш в приложении spectacle,{file}/usr/share/fly-wm/keyshortcutrc.fly-kiosk,;Mod4|Shift|KP_Left::FLYWM_MOVE_XINERAMA_PREV
Приложение Д.5.2.1 (КИС АУДИТ Д.3.2.1),Запрет горячих клавиш в приложении spectacle,{file}/usr/share/fly-wm/keyshortcutrc.fly-kiosk,;Mod4|Shift|KP_Right::FLYWM_MOVE_XINERAMA_NEXT
Приложение Д.5.2.1 (КИС АУДИТ Д.3.2.1),Запрет горячих клавиш в приложении spectacle,{file}/usr/share/fly-wm/keyshortcutrc.fly-kiosk,Alt|Shift|Tab::FLYWM_SWITCH_TASK_BACK
Приложение Д.5.2.1 (КИС АУДИТ Д.3.2.1),Запрет горячих клавиш в приложении spectacle,{file}/usr/share/fly-wm/keyshortcutrc.fly-kiosk,Alt|Tab::FLYWM_SWITCH_TASK
Приложение Д.5.2.1 (КИС АУДИТ Д.3.2.1),Запрет горячих клавиш в приложении spectacle,{file}/usr/share/fly-wm/keyshortcutrc.fly-kiosk,;Alt|F4::FLYWM_CLOSE
Приложение Д.5.2.1 (КИС АУДИТ Д.3.2.1),Запрет горячих клавиш в приложении spectacle,{file}/usr/share/fly-wm/keyshortcutrc.fly-kiosk,;Ctrl|Alt|Down::FLYWM_LOWER
Приложение Д.5.2.1 (КИС АУДИТ Д.3.2.1),Запрет горячих клавиш в приложении spectacle,{file}/usr/share/fly-wm/keyshortcutrc.fly-kiosk,;Ctrl|Alt|Up::FLYWM_RAISE
Приложение Д.5.2.1 (КИС АУДИТ Д.3.2.1),Запрет горячих клавиш в приложении spectacle,{file}/usr/share/fly-wm/keyshortcutrc.fly-kiosk,;Mod4|Up::FLYWM_MAXIMIZE
Приложение Д.5.2.1 (КИС АУДИТ Д.3.2.1),Запрет горячих клавиш в приложении spectacle,{file}/usr/share/fly-wm/keyshortcutrc.fly-kiosk,;Mod4|Down::FLYWM_RESTORE
Приложение Д.5.2.1 (КИС АУДИТ Д.3.2.1),Запрет горячих клавиш в приложении spectacle,{file}/usr/share/fly-wm/keyshortcutrc.fly-kiosk,;Mod4|Left::FLYWM_SNAP_LEFT
Приложение Д.5.2.1 (КИС АУДИТ Д.3.2.1),Запрет горячих клавиш в приложении spectacle,{file}/usr/share/fly-wm/keyshortcutrc.fly-kiosk,;Mod4|Right::FLYWM_SNAP_RIGHT
Приложение Д.5.2.1 (КИС АУДИТ Д.3.2.1),Запрет горячих клавиш в приложении spectacle,{file}/usr/share/fly-wm/keyshortcutrc.fly-kiosk,;Mod4|Left|Up::FLYWM_SNAP_TOP_LEFT
Приложение Д.5.2.1 (КИС АУДИТ Д.3.2.1),Запрет горячих клавиш в приложении spectacle,{file}/usr/share/fly-wm/keyshortcutrc.fly-kiosk,;Mod4|Left|Down::FLYWM_BOTTOM_LEFT
Приложение Д.5.2.1 (КИС АУДИТ Д.3.2.1),Запрет горячих клавиш в приложении spectacle,{file}/usr/share/fly-wm/keyshortcutrc.fly-kiosk,;Mod4|Right|Up::FLYWM_TOP_RIGHT
Приложение Д.5.2.1 (КИС АУДИТ Д.3.2.1),Запрет горячих клавиш в приложении spectacle,{file}/usr/share/fly-wm/keyshortcutrc.fly-kiosk,;Mod4|Right|Down::FLYWM_TOP_LEFT
Приложение Д.5.2.1 (КИС АУДИТ Д.3.2.1),Запрет горячих клавиш в приложении spectacle,{file}/usr/share/fly-wm/keyshortcutrc.fly-kiosk,;Alt|space::FLYWM_POPUP_MENU
Приложение Д.5.2.1 (КИС АУДИТ Д.3.2.1),Запрет горячих клавиш в приложении spectacle,{file}/usr/share/fly-wm/keyshortcutrc.fly-kiosk,;Alt|F3::FLYWM_POPUP_MENU
Приложение Д.5.2.1 (КИС АУДИТ Д.3.2.1),Запрет горячих клавиш в приложении spectacle,{file}/usr/share/fly-wm/keyshortcutrc.fly-kiosk,;Alt|BackSpace::FLYWM_POPUP_DESKTOP_MENU
Приложение Д.5.2.1 (КИС АУДИТ Д.3.2.1),Запрет горячих клавиш в приложении spectacle,{file}/usr/share/fly-wm/keyshortcutrc.fly-kiosk,;None|Super_L::FLYWM_POPUP_START_MENU
Приложение Д.5.2.1 (КИС АУДИТ Д.3.2.1),Запрет горячих клавиш в приложении spectacle,{file}/usr/share/fly-wm/keyshortcutrc.fly-kiosk,;None|Super_R::FLYWM_POPUP_START_MENU
Приложение Д.5.2.1 (КИС АУДИТ Д.3.2.1),Запрет горячих клавиш в приложении spectacle,{file}/usr/share/fly-wm/keyshortcutrc.fly-kiosk,;Ctrl|Super_L::FLYWM_POPUP_START_MENU
Приложение Д.5.2.1 (КИС АУДИТ Д.3.2.1),Запрет горячих клавиш в приложении spectacle,{file}/usr/share/fly-wm/keyshortcutrc.fly-kiosk,;Ctrl|Super_R::FLYWM_POPUP_START_MENU
Приложение Д.5.2.1 (КИС АУДИТ Д.3.2.1),Запрет горячих клавиш в приложении spectacle,{file}/usr/share/fly-wm/keyshortcutrc.fly-kiosk,;Shift|Super_L::FLYWM_POPUP_START_MENU
Приложение Д.5.2.1 (КИС АУДИТ Д.3.2.1),Запрет горячих клавиш в приложении spectacle,{file}/usr/share/fly-wm/keyshortcutrc.fly-kiosk,;Shift|Super_R::FLYWM_POPUP_START_MENU
Приложение Д.5.2.1 (КИС АУДИТ Д.3.2.1),Запрет горячих клавиш в приложении spectacle,{file}/usr/share/fly-wm/keyshortcutrc.fly-kiosk,;Mod4|Ctrl|Down::FLYWM_DOWN_PAGING
Приложение Д.5.2.1 (КИС АУДИТ Д.3.2.1),Запрет горячих клавиш в приложении spectacle,{file}/usr/share/fly-wm/keyshortcutrc.fly-kiosk,;Mod4|Ctrl|Up::FLYWM_UP_PAGING
Приложение Д.5.2.1 (КИС АУДИТ Д.3.2.1),Запрет горячих клавиш в приложении spectacle,{file}/usr/share/fly-wm/keyshortcutrc.fly-kiosk,;Mod4|Ctrl|Right::FLYWM_RIGHT_PAGING
Приложение Д.5.2.1 (КИС АУДИТ Д.3.2.1),Запрет горячих клавиш в приложении spectacle,{file}/usr/share/fly-wm/keyshortcutrc.fly-kiosk,;Mod4|Ctrl|Left::FLYWM_LEFT_PAGING
Приложение Д.5.2.1 (КИС АУДИТ Д.3.2.1),Запрет горячих клавиш в приложении spectacle,{file}/usr/share/fly-wm/keyshortcutrc.fly-kiosk,";Ctrl|F1::""fly-wmfunc FLYWM_GOTO_PAGING 1"""
Приложение Д.5.2.1 (КИС АУДИТ Д.3.2.1),Запрет горячих клавиш в приложении spectacle,{file}/usr/share/fly-wm/keyshortcutrc.fly-kiosk,";Ctrl|F2::""fly-wmfunc FLYWM_GOTO_PAGING 2"""
Приложение Д.5.2.1 (КИС АУДИТ Д.3.2.1),Запрет горячих клавиш в приложении spectacle,{file}/usr/share/fly-wm/keyshortcutrc.fly-kiosk,";Ctrl|F3::""fly-wmfunc FLYWM_GOTO_PAGING 3"""
Приложение Д.5.2.1 (КИС АУДИТ Д.3.2.1),Запрет горячих клавиш в приложении spectacle,{file}/usr/share/fly-wm/keyshortcutrc.fly-kiosk,";Ctrl|F4::""fly-wmfunc FLYWM_GOTO_PAGING 4"""
Приложение Д.5.2.1 (КИС АУДИТ Д.3.2.1),Запрет горячих клавиш в приложении spectacle,{file}/usr/share/fly-wm/keyshortcutrc.fly-kiosk,;;None|F12::FLYWM_TOGGLE_FULLSCREEN_PAGER
Приложение Д.5.2.1 (КИС АУДИТ Д.3.2.1),Запрет горячих клавиш в приложении spectacle,{file}/usr/share/fly-wm/keyshortcutrc.fly-kiosk,Ctrl|a::FLYWM_ICON_SELECT_ALL
Приложение Д.5.2.1 (КИС АУДИТ Д.3.2.1),Запрет горячих клавиш в приложении spectacle,{file}/usr/share/fly-wm/keyshortcutrc.fly-kiosk,Ctrl|f::FLYWM_ICON_FIND
Приложение Д.5.2.1 (КИС АУДИТ Д.3.2.1),Запрет горячих клавиш в приложении spectacle,{file}/usr/share/fly-wm/keyshortcutrc.fly-kiosk,Shift|Insert::FLYWM_ICON_PASTE
Приложение Д.5.2.1 (КИС АУДИТ Д.3.2.1),Запрет горячих клавиш в приложении spectacle,{file}/usr/share/fly-wm/keyshortcutrc.fly-kiosk,Ctrl|v::FLYWM_ICON_PASTE
Приложение Д.5.2.1 (КИС АУДИТ Д.3.2.1),Запрет горячих клавиш в приложении spectacle,{file}/usr/share/fly-wm/keyshortcutrc.fly-kiosk,Ctrl|Insert::FLYWM_ICON_COPY
Приложение Д.5.2.1 (КИС АУДИТ Д.3.2.1),Запрет горячих клавиш в приложении spectacle,{file}/usr/share/fly-wm/keyshortcutrc.fly-kiosk,Ctrl|c::FLYWM_ICON_COPY
Приложение Д.5.2.1 (КИС АУДИТ Д.3.2.1),Запрет горячих клавиш в приложении spectacle,{file}/usr/share/fly-wm/keyshortcutrc.fly-kiosk,Ctrl|x::FLYWM_ICON_CUT
Приложение Д.5.2.1 (КИС АУДИТ Д.3.2.1),Запрет горячих клавиш в приложении spectacle,{file}/usr/share/fly-wm/keyshortcutrc.fly-kiosk,None|Delete::FLYWM_ICON_SEND_TO_TRASH
Приложение Д.5.2.1 (КИС АУДИТ Д.3.2.1),Запрет горячих клавиш в приложении spectacle,{file}/usr/share/fly-wm/keyshortcutrc.fly-kiosk,;Shift|Delete::FLYWM_ICON_DELETE
Приложение Д.5.2.1 (КИС АУДИТ Д.3.2.1),Запрет горячих клавиш в приложении spectacle,{file}/usr/share/fly-wm/keyshortcutrc.fly-kiosk,None|KP_Delete::FLYWM_ICON_SEND_TO_TRASH
Приложение Д.5.2.1 (КИС АУДИТ Д.3.2.1),Запрет горячих клавиш в приложении spectacle,{file}/usr/share/fly-wm/keyshortcutrc.fly-kiosk,;Shift|KP_Delete::FLYWM_ICON_DELETE
Приложение Д.5.2.1 (КИС АУДИТ Д.3.2.1),Запрет горячих клавиш в приложении spectacle,{file}/usr/share/fly-wm/keyshortcutrc.fly-kiosk,None|Return::FLYWM_EXEC_ICON
Приложение Д.5.2.1 (КИС АУДИТ Д.3.2.1),Запрет горячих клавиш в приложении spectacle,{file}/usr/share/fly-wm/keyshortcutrc.fly-kiosk,None|KP_Enter::FLYWM_EXEC_ICON
Приложение Д.5.2.1 (КИС АУДИТ Д.3.2.1),Запрет горячих клавиш в приложении spectacle,{file}/usr/share/fly-wm/keyshortcutrc.fly-kiosk,;None|Up::FLYWM_ICON_UP
Приложение Д.5.2.1 (КИС АУДИТ Д.3.2.1),Запрет горячих клавиш в приложении spectacle,{file}/usr/share/fly-wm/keyshortcutrc.fly-kiosk,;None|Down::FLYWM_ICON_DOWN
Приложение Д.5.2.1 (КИС АУДИТ Д.3.2.1),Запрет горячих клавиш в приложении spectacle,{file}/usr/share/fly-wm/keyshortcutrc.fly-kiosk,;None|Left::FLYWM_ICON_LEFT
Приложение Д.5.2.1 (КИС АУДИТ Д.3.2.1),Запрет горячих клавиш в приложении spectacle,{file}/usr/share/fly-wm/keyshortcutrc.fly-kiosk,;None|Right::FLYWM_ICON_RIGHT
Приложение Д.5.2.1 (КИС АУДИТ Д.3.2.1),Запрет горячих клавиш в приложении spectacle,{file}/usr/share/fly-wm/keyshortcutrc.fly-kiosk,;None|KP_Up::FLYWM_ICON_UP
Приложение Д.5.2.1 (КИС АУДИТ Д.3.2.1),Запрет горячих клавиш в приложении spectacle,{file}/usr/share/fly-wm/keyshortcutrc.fly-kiosk,;None|KP_Down::FLYWM_ICON_DOWN
Приложение Д.5.2.1 (КИС АУДИТ Д.3.2.1),Запрет горячих клавиш в приложении spectacle,{file}/usr/share/fly-wm/keyshortcutrc.fly-kiosk,;None|KP_Left::FLYWM_ICON_LEFT
Приложение Д.5.2.1 (КИС АУДИТ Д.3.2.1),Запрет горячих клавиш в приложении spectacle,{file}/usr/share/fly-wm/keyshortcutrc.fly-kiosk,;None|KP_Right::FLYWM_ICON_RIGHT
Приложение Д.5.2.1 (КИС АУДИТ Д.3.2.1),Запрет горячих клавиш в приложении spectacle,{file}/usr/share/fly-wm/keyshortcutrc.fly-kiosk,;None|F2::FLYWM_ICON_RENAME
Приложение Д.5.2.1 (КИС АУДИТ Д.3.2.1),Запрет горячих клавиш в приложении spectacle,{file}/usr/share/fly-wm/keyshortcutrc.fly-kiosk,";Alt|F1::""assistant -collectionFile /usr/share/doc/fly/qthelp/ru/flyhelp.qhc"""
Приложение Д.5.2.1 (КИС АУДИТ Д.3.2.1),Запрет горячих клавиш в приложении spectacle,{file}/usr/share/fly-wm/keyshortcutrc.fly-kiosk,";Mod4|a::""assistant -collectionFile /usr/share/doc/fly/qthelp/ru/flyhelp.qhc"""
Приложение Д.5.2.1 (КИС АУДИТ Д.3.2.1),Запрет горячих клавиш в приложении spectacle,{file}/usr/share/fly-wm/keyshortcutrc.fly-kiosk,";Alt|F2::""fly-run"""
Приложение Д.5.2.1 (КИС АУДИТ Д.3.2.1),Запрет горячих клавиш в приложении spectacle,{file}/usr/share/fly-wm/keyshortcutrc.fly-kiosk,";Alt|t::""x-terminal-emulator"""
Приложение Д.5.2.1 (КИС АУДИТ Д.3.2.1),Запрет горячих клавиш в приложении spectacle,{file}/usr/share/fly-wm/keyshortcutrc.fly-kiosk,";Mod4|t::""x-terminal-emulator"""
Приложение Д.5.2.1 (КИС АУДИТ Д.3.2.1),Запрет горячих клавиш в приложении spectacle,{file}/usr/share/fly-wm/keyshortcutrc.fly-kiosk,";Alt|Ctrl|Delete::""ksysguard --autosu"""
Приложение Д.5.2.1 (КИС АУДИТ Д.3.2.1),Запрет горячих клавиш в приложении spectacle,{file}/usr/share/fly-wm/keyshortcutrc.fly-kiosk,";Alt|Ctrl|KP_Delete::""ksysguard --autosu"""
Приложение Д.5.2.1 (КИС АУДИТ Д.3.2.1),Запрет горячих клавиш в приложении spectacle,{file}/usr/share/fly-wm/keyshortcutrc.fly-kiosk,";Shift|Ctrl|Escape::""ksysguard --autosu"""
Приложение Д.5.2.1 (КИС АУДИТ Д.3.2.1),Запрет горячих клавиш в приложении spectacle,{file}/usr/share/fly-wm/keyshortcutrc.fly-kiosk,";None|Print::""spectacle -f"""
Приложение Д.5.2.1 (КИС АУДИТ Д.3.2.1),Запрет горячих клавиш в приложении spectacle,{file}/usr/share/fly-wm/keyshortcutrc.fly-kiosk,";Alt|Print::""spectacle -a"""
Приложение Д.5.2.1 (КИС АУДИТ Д.3.2.1),Запрет горячих клавиш в приложении spectacle,{file}/usr/share/fly-wm/keyshortcutrc.fly-kiosk,";Mod4|Shift|s::""spectacle -r -b -c"""
Приложение Д.5.2.1 (КИС АУДИТ Д.3.2.1),Запрет горячих клавиш в приложении spectacle,{file}/usr/share/fly-wm/keyshortcutrc.fly-kiosk,";Mod4|e::""fly-fm"""
Приложение Д.5.2.1 (КИС АУДИТ Д.3.2.1),Запрет горячих клавиш в приложении spectacle,{file}/usr/share/fly-wm/keyshortcutrc.fly-kiosk,";Mod4|l::""fly-wmfunc FLYWM_LOCK"""
Приложение Д.5.2.1 (КИС АУДИТ Д.3.2.1),Запрет горячих клавиш в приложении spectacle,{file}/usr/share/fly-wm/keyshortcutrc.fly-kiosk,";Mod4|r::""fly-run"""
Приложение Д.5.2.1 (КИС АУДИТ Д.3.2.1),Запрет горячих клавиш в приложении spectacle,{file}/usr/share/fly-wm/keyshortcutrc.fly-kiosk,";Mod4|f = fly-find -d -s ~"""""
Приложение Д.5.2.1 (КИС АУДИТ Д.3.2.1),Запрет горячих клавиш в приложении spectacle,{file}/usr/share/fly-wm/keyshortcutrc.fly-kiosk,";Mod4|w::""libreoffice --writer"""
Приложение Д.5.2.1 (КИС АУДИТ Д.3.2.1),Запрет горячих клавиш в приложении spectacle,{file}/usr/share/fly-wm/keyshortcutrc.fly-kiosk,";Mod4|b::""firefox"""
Приложение Д.5.2.1 (КИС АУДИТ Д.3.2.1),Запрет горячих клавиш в приложении spectacle,{file}/usr/share/fly-wm/keyshortcutrc.fly-kiosk,";Mod4|h::""chromium"""
Приложение Д.5.2.1 (КИС АУДИТ Д.3.2.1),Запрет горячих клавиш в приложении spectacle,{file}/usr/share/fly-wm/keyshortcutrc.fly-kiosk,";Mod4|c = kcalc || speedcrunch"""""
Приложение Д.5.2.1 (КИС АУДИТ Д.3.2.1),Запрет горячих клавиш в приложении spectacle,{file}/usr/share/fly-wm/keyshortcutrc.fly-kiosk,";Mod4|g::""gwenview"""
Приложение Д.5.2.1 (КИС АУДИТ Д.3.2.1),Запрет горячих клавиш в приложении spectacle,{file}/usr/share/fly-wm/keyshortcutrc.fly-kiosk,";Mod4|k::""kate"""
Приложение Д.5.2.1 (КИС АУДИТ Д.3.2.1),Запрет горячих клавиш в приложении spectacle,{file}/usr/share/fly-wm/keyshortcutrc.fly-kiosk,";Mod4|s::""pavucontrol"""
Приложение Д.5.2.1 (КИС АУДИТ Д.3.2.1),Запрет горячих клавиш в приложении spectacle,{file}/usr/share/fly-wm/keyshortcutrc.fly-kiosk,";Mod4|i::""fly-admin-center"""
Приложение Д.5.2.1 (КИС АУДИТ Д.3.2.1),Запрет горячих клавиш в приложении spectacle,{file}/usr/share/fly-wm/keyshortcutrc.fly-kiosk,";Mod4|Pause::""kinfocenter"""
Приложение Д.5.2.1 (КИС АУДИТ Д.3.2.1),Запрет горячих клавиш в приложении spectacle,{file}/usr/share/fly-wm/keyshortcutrc.fly-kiosk,;special  keys
Приложение Д.5.2.1 (КИС АУДИТ Д.3.2.1),Запрет горячих клавиш в приложении spectacle,{file}/usr/share/fly-wm/keyshortcutrc.fly-kiosk,";None|XF86AudioMedia::""vlc"""
Приложение Д.5.2.1 (КИС АУДИТ Д.3.2.1),Запрет горячих клавиш в приложении spectacle,{file}/usr/share/fly-wm/keyshortcutrc.fly-kiosk,";None|XF86CD::""vlc"""
Приложение Д.5.2.1 (КИС АУДИТ Д.3.2.1),Запрет горячих клавиш в приложении spectacle,{file}/usr/share/fly-wm/keyshortcutrc.fly-kiosk,";None|XF86Video::""vlc"""
Приложение Д.5.2.1 (КИС АУДИТ Д.3.2.1),Запрет горячих клавиш в приложении spectacle,{file}/usr/share/fly-wm/keyshortcutrc.fly-kiosk,";None|XF86Music::""vlc"""
Приложение Д.5.2.1 (КИС АУДИТ Д.3.2.1),Запрет горячих клавиш в приложении spectacle,{file}/usr/share/fly-wm/keyshortcutrc.fly-kiosk,";None|XF86AudioRecord::""fly-record"""
Приложение Д.5.2.1 (КИС АУДИТ Д.3.2.1),Запрет горячих клавиш в приложении spectacle,{file}/usr/share/fly-wm/keyshortcutrc.fly-kiosk,;let kglobalaccel5+kmix process it
Приложение Д.5.2.1 (КИС АУДИТ Д.3.2.1),Запрет горячих клавиш в приложении spectacle,{file}/usr/share/fly-wm/keyshortcutrc.fly-kiosk,";None|XF86AudioRaiseVolume::""amixer -q sset Master playback 8%+ unmute"""
Приложение Д.5.2.1 (КИС АУДИТ Д.3.2.1),Запрет горячих клавиш в приложении spectacle,{file}/usr/share/fly-wm/keyshortcutrc.fly-kiosk,";None|XF86AudioLowerVolume::""amixer -q sset Master playback 8%- unmute"""
Приложение Д.5.2.1 (КИС АУДИТ Д.3.2.1),Запрет горячих клавиш в приложении spectacle,{file}/usr/share/fly-wm/keyshortcutrc.fly-kiosk,";None|XF86AudioMute::""amixer -q sset Master playback toggle"""
Приложение Д.5.2.1 (КИС АУДИТ Д.3.2.1),Запрет горячих клавиш в приложении spectacle,{file}/usr/share/fly-wm/keyshortcutrc.fly-kiosk,";None|XF86Calculator = kcalc || speedcrunch"""""
Приложение Д.5.2.1 (КИС АУДИТ Д.3.2.1),Запрет горячих клавиш в приложении spectacle,{file}/usr/share/fly-wm/keyshortcutrc.fly-kiosk,";None|XF86Search::""fly-find -d"""
Приложение Д.5.2.1 (КИС АУДИТ Д.3.2.1),Запрет горячих клавиш в приложении spectacle,{file}/usr/share/fly-wm/keyshortcutrc.fly-kiosk,";None|XF86Mail::""thunderbird"""
Приложение Д.5.2.1 (КИС АУДИТ Д.3.2.1),Запрет горячих клавиш в приложении spectacle,{file}/usr/share/fly-wm/keyshortcutrc.fly-kiosk,";None|XF86WWW::""firefox"""
Приложение Д.5.2.1 (КИС АУДИТ Д.3.2.1),Запрет горячих клавиш в приложении spectacle,{file}/usr/share/fly-wm/keyshortcutrc.fly-kiosk,;None|XF86Support
Приложение Д.5.2.1 (КИС АУДИТ Д.3.2.1),Запрет горячих клавиш в приложении spectacle,{file}/usr/share/fly-wm/keyshortcutrc.fly-kiosk,;None|XF86Messenger
Приложение Д.5.2.1 (КИС АУДИТ Д.3.2.1),Запрет горячих клавиш в приложении spectacle,{file}/usr/share/fly-wm/keyshortcutrc.fly-kiosk,;None|XF86Phone
Приложение Д.5.2.1 (КИС АУДИТ Д.3.2.1),Запрет горячих клавиш в приложении spectacle,{file}/usr/share/fly-wm/keyshortcutrc.fly-kiosk,";None|XF86HomePage = fly-fm ~"""""
Приложение Д.5.2.1 (КИС АУДИТ Д.3.2.1),Запрет горячих клавиш в приложении spectacle,{file}/usr/share/fly-wm/keyshortcutrc.fly-kiosk,";None|XF86Memo::""fly-notes"""
Приложение Д.5.2.1 (КИС АУДИТ Д.3.2.1),Запрет горячих клавиш в приложении spectacle,{file}/usr/share/fly-wm/keyshortcutrc.fly-kiosk,;None|XF86ToDoList
Приложение Д.5.2.1 (КИС АУДИТ Д.3.2.1),Запрет горячих клавиш в приложении spectacle,{file}/usr/share/fly-wm/keyshortcutrc.fly-kiosk,";None|XF86Calendar::""fly-admin-date"""
Приложение Д.5.2.1 (КИС АУДИТ Д.3.2.1),Запрет горячих клавиш в приложении spectacle,{file}/usr/share/fly-wm/keyshortcutrc.fly-kiosk,";None|XF86MyComputer = fly-fm fly-fm:Computer"""""
Приложение Д.5.2.1 (КИС АУДИТ Д.3.2.1),Запрет горячих клавиш в приложении spectacle,{file}/usr/share/fly-wm/keyshortcutrc.fly-kiosk,";None|XF86Documents::""libreoffice --writer"""
Приложение Д.5.2.1 (КИС АУДИТ Д.3.2.1),Запрет горячих клавиш в приложении spectacle,{file}/usr/share/fly-wm/keyshortcutrc.fly-kiosk,";None|XF86Word::""libreoffice --writer"""
Приложение Д.5.2.1 (КИС АУДИТ Д.3.2.1),Запрет горячих клавиш в приложении spectacle,{file}/usr/share/fly-wm/keyshortcutrc.fly-kiosk,";None|XF86Excel::""libreoffice --calc"""
Приложение Д.5.2.1 (КИС АУДИТ Д.3.2.1),Запрет горячих клавиш в приложении spectacle,{file}/usr/share/fly-wm/keyshortcutrc.fly-kiosk,";None|XF86Explorer::""fly-fm"""
Приложение Д.5.2.1 (КИС АУДИТ Д.3.2.1),Запрет горячих клавиш в приложении spectacle,{file}/usr/share/fly-wm/keyshortcutrc.fly-kiosk,";None|XF86Pictures::""gwenview"""
Приложение Д.5.2.1 (КИС АУДИТ Д.3.2.1),Запрет горячих клавиш в приложении spectacle,{file}/usr/share/fly-wm/keyshortcutrc.fly-kiosk,;None|XF86Spell
Приложение Д.5.2.1 (КИС АУДИТ Д.3.2.1),Запрет горячих клавиш в приложении spectacle,{file}/usr/share/fly-wm/keyshortcutrc.fly-kiosk,";None|XF86Terminal::""x-terminal-emulator"""
Приложение Д.5.2.1 (КИС АУДИТ Д.3.2.1),Запрет горячих клавиш в приложении spectacle,{file}/usr/share/fly-wm/keyshortcutrc.fly-kiosk,";None|XF86Eject::""eject"""
Приложение Д.5.2.1 (КИС АУДИТ Д.3.2.1),Запрет горячих клавиш в приложении spectacle,{file}/usr/share/fly-wm/keyshortcutrc.fly-kiosk,";None|XF86WebCam::""fly-videocamera"""
Приложение Д.5.2.1 (КИС АУДИТ Д.3.2.1),Запрет горячих клавиш в приложении spectacle,{file}/usr/share/fly-wm/keyshortcutrc.fly-kiosk,";None|XF86Battery::""qbat"""
Приложение Д.5.2.1 (КИС АУДИТ Д.3.2.1),Запрет горячих клавиш в приложении spectacle,{file}/usr/share/fly-wm/keyshortcutrc.fly-kiosk,;None|XF86Bluetooth
Приложение Д.5.2.1 (КИС АУДИТ Д.3.2.1),Запрет горячих клавиш в приложении spectacle,{file}/usr/share/fly-wm/keyshortcutrc.fly-kiosk,;None|XF86WLAN
Приложение Д.5.2.1 (КИС АУДИТ Д.3.2.1),Запрет горячих клавиш в приложении spectacle,{file}/usr/share/fly-wm/keyshortcutrc.fly-kiosk,;None|XF86UWB
Приложение Д.5.2.1 (КИС АУДИТ Д.3.2.1),Запрет горячих клавиш в приложении spectacle,{file}/usr/share/fly-wm/keyshortcutrc.fly-kiosk,;let kglobalaccel5+powerdevil process it
Приложение Д.5.2.1 (КИС АУДИТ Д.3.2.1),Запрет горячих клавиш в приложении spectacle,{file}/usr/share/fly-wm/keyshortcutrc.fly-kiosk,";None|XF86MonBrightnessUp::""xbacklight -inc 10"""
Приложение Д.5.2.1 (КИС АУДИТ Д.3.2.1),Запрет горячих клавиш в приложении spectacle,{file}/usr/share/fly-wm/keyshortcutrc.fly-kiosk,";None|XF86MonBrightnessDown::""xbacklight -dec 10"""
Приложение Д.5.2.1 (КИС АУДИТ Д.3.2.1),Запрет горячих клавиш в приложении spectacle,{file}/usr/share/fly-wm/keyshortcutrc.fly-kiosk,;None|XF86ScreenSaver::FLYWM_LOCK
Приложение Д.5.2.1 (КИС АУДИТ Д.3.2.1),Запрет горячих клавиш в приложении spectacle,{file}/usr/share/fly-wm/keyshortcutrc.fly-kiosk,;None|XF86Sleep::FLYWM_SUSPEND
Приложение Д.5.2.1 (КИС АУДИТ Д.3.2.1),Запрет горячих клавиш в приложении spectacle,{file}/usr/share/fly-wm/keyshortcutrc.fly-kiosk,;None|XF86Suspend::FLYWM_SUSPEND
Приложение Д.5.2.1 (КИС АУДИТ Д.3.2.1),Запрет горячих клавиш в приложении spectacle,{file}/usr/share/fly-wm/keyshortcutrc.fly-kiosk,;None|XF86Standby::FLYWM_STANDBY
Приложение Д.5.2.1 (КИС АУДИТ Д.3.2.1),Запрет горячих клавиш в приложении spectacle,{file}/usr/share/fly-wm/keyshortcutrc.fly-kiosk,;None|XF86Hibernate::FLYWM_HIBERNATE
Приложение Д.5.2.1 (КИС АУДИТ Д.3.2.1),Запрет горячих клавиш в приложении spectacle,{file}/usr/share/fly-wm/keyshortcutrc.fly-kiosk,;None|XF86LogOff::FLYWM_EXIT
Приложение Д.5.2.1 (КИС АУДИТ Д.3.2.1),Запрет горячих клавиш в приложении spectacle,{file}/usr/share/fly-wm/keyshortcutrc.fly-kiosk,;None|XF86PowerDown::FLYWM_SHUTDOWN
Приложение Д.5.2.1 (КИС АУДИТ Д.3.2.1),Запрет горячих клавиш в приложении spectacle,{file}/usr/share/fly-wm/keyshortcutrc.fly-kiosk,;None|XF86PowerOff::FLYWM_SHUTDOWN
Приложение Д.5.2.1 (КИС АУДИТ Д.3.2.1),Запрет горячих клавиш в приложении spectacle,{file}/usr/share/fly-wm/keyshortcutrc.fly-kiosk,";None|XF86PowerDown = /usr/bin/fly-power-btn.sh"""""
Приложение Д.5.2.1 (КИС АУДИТ Д.3.2.1),Запрет горячих клавиш в приложении spectacle,{file}/usr/share/fly-wm/keyshortcutrc.fly-kiosk,";None|XF86PowerOff = /usr/bin/fly-power-btn.sh"""""
Приложение Д.5.2.2 (КИС АУДИТ Д.3.2.1),Режим ограниченного использования приложений,{file}/etc/X11/xorg.conf,"Section ServerFlags"""""
Приложение Д.5.2.2 (КИС АУДИТ Д.3.2.1),Режим ограниченного использования приложений,{file}/etc/X11/xorg.conf,"Option ""DontVTSwitch"" ""true"""
Приложение Д.5.2.2 (КИС АУДИТ Д.3.2.1),Режим ограниченного использования приложений,{file}/etc/X11/xorg.conf,EndSection
Приложение Д.6,Контроль целостности,,@
Приложение Д.6.1.1,Установка сервиса FSControl,sudo dpkg -i /путь/до/пакета/FSControl.х.х.хх.linux-x64.deb,{hand_check}
Приложение Д.6.1.1,Установка сервиса FSControl,/etc/systemd/system/FSControl.service,{hand_check}
Приложение Д.6.1.1,Установка сервиса FSControl,/opt/FSControl,{hand_check}
Приложение Д.6.1.1,Установка сервиса FSControl,/opt/FSControl/appsettings_unix.json,{hand_check}
Приложение Д.6.1.2,Список файлов и путей для выполнения контроля целостности,{file}/opt/FSControl/appsettings_unix.json,/boot/vmlinuz-*,
Приложение Д.6.1.2,Список файлов и путей для выполнения контроля целостности,{file}/opt/FSControl/appsettings_unix.json,/boot/initrd.img-*,
Приложение Д.6.1.2,Список файлов и путей для выполнения контроля целостности,{file}/opt/FSControl/appsettings_unix.json,/boot/grub/grub.cfg,
Приложение Д.6.1.2,Список файлов и путей для выполнения контроля целостности,{file}/opt/FSControl/appsettings_unix.json,/etc/X11/default-display-manager,
Приложение Д.6.1.2,Список файлов и путей для выполнения контроля целостности,{file}/opt/FSControl/appsettings_unix.json,/etc/fstab,
Приложение Д.6.1.2,Список файлов и путей для выполнения контроля целостности,{file}/opt/FSControl/appsettings_unix.json,/etc/group,
Приложение Д.6.1.2,Список файлов и путей для выполнения контроля целостности,{file}/opt/FSControl/appsettings_unix.json,/etc/init.d/*,
Приложение Д.6.1.2,Список файлов и путей для выполнения контроля целостности,{file}/opt/FSControl/appsettings_unix.json,/etc/pam.conf,
Приложение Д.6.1.2,Список файлов и путей для выполнения контроля целостности,{file}/opt/FSControl/appsettings_unix.json,/etc/pam.d/*,
Приложение Д.6.1.2,Список файлов и путей для выполнения контроля целостности,{file}/opt/FSControl/appsettings_unix.json,/etc/passwd,
Приложение Д.6.1.2,Список файлов и путей для выполнения контроля целостности,{file}/opt/FSControl/appsettings_unix.json,/etc/rc*,
Приложение Д.6.1.2,Список файлов и путей для выполнения контроля целостности,{file}/opt/FSControl/appsettings_unix.json,/etc/security,
Приложение Д.6.1.2,Список файлов и путей для выполнения контроля целостности,{file}/opt/FSControl/appsettings_unix.json,/etc/shells,
Приложение Д.6.1.2,Список файлов и путей для выполнения контроля целостности,{file}/opt/FSControl/appsettings_unix.json,/etc/sysctl.conf,
Приложение Д.6.1.2,Список файлов и путей для выполнения контроля целостности,{file}/opt/FSControl/appsettings_unix.json,/lib/modules/*/misk/digsig_verif.ko,
Приложение Д.6.1.2,Список файлов и путей для выполнения контроля целостности,{file}/opt/FSControl/appsettings_unix.json,/lib/modules/*/misk/parsec.ko,
Приложение Д.6.1.2,Список файлов и путей для выполнения контроля целостности,{file}/opt/FSControl/appsettings_unix.json,/lib/modules/*/misk/parsec-cifs.ko,
Приложение Д.6.1.2,Список файлов и путей для выполнения контроля целостности,{file}/opt/FSControl/appsettings_unix.json,/lib/security/,
Приложение Д.6.1.2,Список файлов и путей для выполнения контроля целостности,{file}/opt/FSControl/appsettings_unix.json,/sbin/,
Приложение Д.6.1.2,Список файлов и путей для выполнения контроля целостности,{file}/opt/FSControl/appsettings_unix.json,/bin/,
Приложение Д.6.1.2,Список файлов и путей для выполнения контроля целостности,{file}/opt/FSControl/appsettings_unix.json,/usr/bin/,
Приложение Д.6.1.2,Список файлов и путей для выполнения контроля целостности,{file}/opt/FSControl/appsettings_unix.json,/usr/sbin/,
Приложение Д.6.1.2,Список файлов и путей для выполнения контроля целостности,{cmd}systemctl enable FSControl.service,
Приложение Д.6.1.2,Список файлов и путей для выполнения контроля целостности,{cmd}systemctl start FSControl.service,
Приложение Д.6.1.3,Конфигурирование службы FSControl для обеспечения удаленного управления,,{hand_check}
Приложение Д.6.1.4,После настройки конфигурационного файла требуется запустить службу FSControl на главном хосте,,{hand_check}
Приложение Д.6.1.5,Доступ к списку управляемых хостов,,{hand_check}
Приложение Д.6.1.6,Настройка управления подчиненных хостов,,{hand_check}
Приложение Д.6.1.7,Расположение файла сертификата FSControlCert.pfx рядом с запускаемым файлом сервиса FSControl /opt/FSControl/,,{hand_check}
